SET FOREIGN_KEY_CHECKS = 0;
-- #POPOLAMENTO AREA GENERALE


-- inserimento di un documento
BEGIN;
INSERT INTO Documento (Numero, Tipologia, EnteRilascio, DataScadenza, CodFiscale)
VALUES (4213,'Patente','Motorizzazione di Navacchio','2026-03-22','VRDSRA00C68G702K'),
       (1634,'CartaIdentita','Comune di Cascina','2024-08-25','VRDGCM56C98G702W'),
       (2087,'Passaporto','Questura di Pisa','2023-09-02','VRDGLI78G45G704P'),
       (5476,'Patente','Motorizzazione di Calci','2025-04-28','BLLCTR99G34G687R'),
       (4976,'CartaIdentita','Comune di Pisa','2023-06-12','VRDNMI88R45G496X');
COMMIT;

-- inserimento di un nuovo utente
BEGIN;
INSERT INTO Utente (CodFiscale,Nome,Cognome,Telefono,DataNascita)
VALUES ('VRDSRA00C68G702K','Sara','Verdi','3372550332','2000-06-07'),
       ('VRDGCM56C98G702W','Giacomo','Verdi','3312363002','1998-07-07'),
       ('VRDGLI78G45G704P','Giulio','Verdi','3470014823','1973-09-21'),
       ('BLLCTR99G34G687R','Caterina','Belli','3804565482','1975-11-15'),
       ('VRDNMI88R45G496X','Noemi','Verdi','3703372420','2002-04-26');
COMMIT;


-- creazione di un truncate
BEGIN;
INSERT INTO Account (NomeUtente,Password,DataIscrizione,Risposta,CodFiscale,IdDomanda)
VALUES ('S.Verdi','Topolino1','2018-06-07','Giallo','VRDSRA00C68G702K',1),
        ('Giaco.V','Violoncello7','2016-11-17','Cane','VRDGCM56C98G702W',2),
        ('G.Verdi','Gnomo89','2010-10-12','Ferrari','VRDGLI78G45G704P',3),
        ('CateBelli','Spirale5','2010-10-13','Rosso','BLLCTR99G34G687R',1),
        ('Noe.V','Superstar02','2020-05-01','Annamaria','VRDNMI88R45G496X',4);
COMMIT;

-- scelta domanda di sicurezza
BEGIN;
INSERT INTO DomandaSicurezza (Testo)
VALUES ('Colore preferito'),
        ('Animale preferito'),
        ('Macchina Preferita'),
        ('Come si chiama tua nonna');
COMMIT;

-- dettagli stanza
-- dispersione è tutta a 0
BEGIN;
INSERT INTO Stanza(Nome,Piano,Lunghezza,Larghezza,Altezza,Dispersione)
VALUES ('Camera',2,1.79,4.25,2.50,0),
        ('Camera',2,2.15,4.25,2.50,0),
        ('Garage',1,4.00,4.50,2.00,0),
        ('Soggiorno',1,2.85,5.50,2.00,0),
        ('Camera',2,1.78,4.25,2.00,0),
        ('Bagno piano terra',1,2.00,4.50,2.00,0),
        ('Bagno superiore',2,1.78,4.25,2.50,0),
        ('Cucina',1,3.15,5.50,2.00,0),
        ('Studio',2,1.45,4.25,2.50,0),
        ('Camera matrimoniale',2,2.40,4.25,2.50,0),
        ('Corridoio',2,1.50,6.00,2.50,0);
 -- manca da inserire la dispersione in ogni record       
COMMIT;


-- Finestre
BEGIN;
INSERT INTO Finestra (Tipo,Cardinale,IdStanza)
VALUES ('Finestra','W',1),
        ('Finestra','NE',2),
        ('Portafinestra','W',4),
        ('Finestra','N',4),
        ('Finestra','SE',5),
        ('Finestra','NW',6),
        ('Finestra','W',7),
        ('Finestra','W',8),
        ('Portafinestra','E',8),
        ('Finestra','SW',9),
        ('Finestra','E',10),
        ('Portafinestra','S',10),
        ('Portafinestra','S',8);
        
COMMIT;

-- Porte(se comunucanti con due stanze ne ho messe solo una- corretto00-)
BEGIN;
INSERT INTO Porta (Interna,IdStanza)
VALUES(1,6),
        (1,8),
        (1,2),
        (1,3),
        (0,3),
        (1,1),
        (1,7),
        (1,5),
        (0,4),
        (1,10),
        (1,9);
        
COMMIT;

-- VARCO (Porte interne comunicanti con due camere)
BEGIN;
INSERT INTO Varco (IdPorta,IdStanza)
VALUES (1,6),
        (1,4),
        (2,4),
        (2,8),
        (5,8),
        (5,3),
        (4,2),
        (4,11),
        (7,1),
        (7,11),
        (8,7),
        (8,11),
        (9,12),
        (9,11),
        (11,10),
        (11,11),
        (12,9),
        (12,11);
COMMIT;


-- fine popolamento area generale


-- #POPOLAMENTO AREA DISPOSITIVI

-- SmartPlug (suppongo alcune smartplug accese e altre spente -ce n'è una per ogni stanza(10)-)
BEGIN;
INSERT INTO SmartPlug(Stato,IdStanza)
VALUES (1,3),
        (1,6),
        (0,4),
        (1,8),
        (1,1),
        (1,7),
        (1,5),
        (1,2),
        (1,9),
        (1,10);
COMMIT;


-- Tabella Dispositivo 
BEGIN;
INSERT INTO Dispositivo (Nome,TipoConsumo,Codice)
VALUES ('Frullatore','Variabile',4),
        ('AsciugaCapelli','Variabile',6),
        ('Lavastoviglie','Fisso',4),
        ('Lavatrice','Fisso',1),
        ('Asciugatrice','Fisso',1),
        ('Televisione','Fisso',3),
        ('Forno','Fisso',4),
        ('Computer','Fisso',9),
        ('Aspirapolvere','Variabile',7),
        ('Scaldabagno','Fisso',2),
        ('FerroDaStiro','Variabile',1),
        ('TelefonoFisso','Fisso',3),
        ('PlayStation','Fisso',5),
        ('MacchinaCaffe','Fisso',4),
        ('Aspirapolvere','Variabile',3),
        ('CaricaBatteria','Fisso',8),
        ('Antenna','Fisso',3),
        ('ArricciaCapelli','Variabile',6),
        ('LettoreDVD','Fisso',3);
COMMIT;



-- Potenza
BEGIN;
INSERT INTO Potenza(Descrizione,ConsumoPerTempo,IdDispositivo)
VALUES (1,5,1),
        (2,6,1),
        (3,8,1),
        (1,8,2),
        (2,9,2),
        (3,12,2),
        (1,15,9),
        (2,18,9),
        (1,10,11),
        (2,12,11),
        (3,14,11),
        (1,20,15),
        (2,22,15),
        (3,23,15),
        (1,15,18),
        (2,17,18),
        (3,19,18),
        (1,20,6),
        (1,15,8),
        (1,30,10),
        (1,45,12),
        (1,65,13),
        (1,10,16),
        (1,20,17),
        (1,10,19),
        (1,20,14);
COMMIT;

-- Programma
BEGIN;
INSERT INTO Programma(Nome,DurataMedia,ConsumoMedio,IdDispositivo)
VALUES ('LavaggioRapido',900,20,3),
        ('LavaggioNormale',2700,30,3),
        ('LavaggioIntensivo',3600,50,3),
        ('Prelavaggio',600,30,4),
        ('LavaggioRapido',950,35,4),
        ('Delicati',2500,700,4),
        ('Risciacquo',700,35,4),
        ('LavaggioColorati',2700,60,4),
        ('ExtraAsciutto',3000,75,5),
        ('AntiPiega',3200,65,5),
        ('AsciuttoStiratura',1700,70,5),
        ('Statico',1300,40,7),
        ('Pizza',1800,75,7),
        ('Ventilato',1900,90,7);
COMMIT;

-- RegolazioneDispositivo
BEGIN;
INSERT INTO RegolazioneDispositivo(IdDispositivo,Codice,IdLivelloPotenza)
VALUES (1,NULL,1),
        (1,NULL,2),
        (1,NULL,3),
        (2,NULL,1),
        (2,NULL,2),

        (2,NULL,3),
        (3,1,NULL),
        (3,2,NULL),
        (3,3,NULL),
        (4,4,NULL),

        (4,5,NULL),
        (4,6,NULL),
        (4,7,NULL),
        (5,8,NULL),
        (5,9,NULL),

        (5,10,NULL),
        (6,NULL,18),
        (7,11,NULL),
        (7,12,NULL),
        (7,13,NULL),

        (8,NULL,19),
        (9,NULL,7),
        (9,NULL,7),
        (9,NULL,8),
        (10,NULL,20),

        (11,NULL,9),
        (11,NULL,10),
        (11,NULL,11),
        (12,NULL,21),
        (13,NULL,22),

        (14,NULL,26),
        (15,NULL,12),
        (15,NULL,13),
        (15,NULL,14),
        (16,NULL,23),

        (17,NULL,24),
        (18,NULL,15),
        (18,NULL,16),
        (18,NULL,17),
        (19,NULL,25);
COMMIT;


-- fine popolamento area dispositivi


-- #POPOLAMENTO AREA ENERGIA

-- Interazione di un account
-- energia consumata è tutta a 0
BEGIN;
INSERT INTO Interazione(Inizio,Fine,ComandoVocale,EnergiaConsumata,IdFascia,NomeUtente,IdSchedule,CodRegolazioneDispositivo,CodRegolazioneClima,CodRegolazioneIlluminazione)
VALUES   ('2022-03-29 18:19','2022-03-29 18:27',0,10,2,'S.Verdi',NULL,1,NULL,NULL),
         ('2022-03-29 10:10','2022-03-29 12:24',0,60,1,'Giacomo.V',9,NULL,55,NULL),
         ('2022-03-28 21:19','2022-03-28 23:00',0,16,3,'G.Verdi',NULL,NULL,NULL,100), 
         ('2022-03-29 15:19','2022-03-29 16:27',1,20,2,'CateBelli',24,NULL,61,NULL),  
         ('2022-03-29 13:19','2022-03-29 14:24',0,45,2,'Noe.V',NULL,4,NULL,NULL),
         ('2022-03-28 17:51','2022-03-28 18:27',0,34,2,'CateBelli',NULL,5,NULL,NULL),  
         ('2022-03-30 17:17','2022-03-30 20:00',0,56,2,'S.Verdi',NULL,NULL,NULL,103), 
         ('2022-03-29 21:19','2022-03-29 22:57',1,23,3,'Giacomo.V',22,NULL,60,NULL),
         ('2022-03-28 9:19','2022-03-28 11:27',0,46,1,'G.Verdi',3,2,NULL,NULL),
         ('2022-03-30 11:19','2022-03-30 12:21',0,67,1,'Noe.V',NULL,NULL,NULL,105),
	 ('2022-03-29 10:19','2022-03-29 12:00',0,78,1,'Noe.V',NULL,40,NULL,NULL), 
         ('2022-03-29 9:19','2022-03-29 11:21',0,80,1,'CateBelli',11,NULL,56,NULL),
         ('2022-03-28 21:12','2022-03-28 22:26',0,79,3,'G.Verdi',NULL,NULL,NULL,129), 
         ('2022-03-29 13:19','2022-03-29 16:21',0,67,2,'S.Verdi',NULL,39,NULL,NULL),
         ('2022-03-29 16:45','2022-03-29 18:33',0,65,2,'S.Verdi',12,NULL,55,NULL),
         ('2022-03-28 13:19','2022-03-28 14:21',0,24,2,'Noe.V',NULL,7,NULL,NULL),
         ('2022-03-28 9:19','2022-03-28 11:27',0,15,1,'Giacomo.V',NULL,NULL,NULL,128), 
         ('2022-03-30 15:19','2022-03-30 18:21',0,52,2,'CateBelli',NULL,NULL,NULL,127),
	 ('2022-03-30 13:12','2022-03-30 14:24',0,23,2,'G.Verdi',8,NULL,53,NULL), 
         ('2022-03-30 17:51','2022-03-30 18:27',0,34,2,'Noe.V',NULL,3,NULL,NULL),  
         ('2022-03-29 16:17','2022-03-29 18:27',0,32,2,'S.Verdi',17,NULL,58,NULL),
         ('2022-03-29 21:19','2022-03-29 22:57',1,12,3,'CateBelli',NULL,NULL,NULL,104),
         ('2022-03-30 9:19','2022-03-30 11:27',0,15,1,'Giacomo.V',27,NULL,51,NULL),
         ('2022-03-30 12:03','2022-03-30 15:21',0,18,2,'S.Verdi',NULL,6,NULL,NULL),
	 ('2022-03-29 10:19','2022-03-29 11:45',0,19,1,'Noe.V',NULL,8,NULL,NULL),
         ('2022-03-30 18:05','2022-03-30 22:45',0,20,3,'G.Verdi',NULL,NULL,NULL,125),
         ('2022-03-30 21:12','2022-03-30 22:26',0,27,3,'G.Verdi',NULL,NULL,NULL,124),
         ('2022-03-30 10:15','2022-03-30 12:00',0,70,1,'Noe.V',61,NULL,57,NULL),
         ('2022-03-29 16:45','2022-03-29 17:33',0,36,2,'CateBelli',10,NULL,56,NULL),
         ('2022-03-30 12:19','2022-03-30 14:21',0,87,2,'S.Verdi',NULL,NULL,NULL,123),
         ('2022-03-30 9:19','2022-03-30 11:27',0,55,1,'Giacomo.V',NULL,NULL,NULL,122),
         ('2022-03-30 14:19','2022-03-30 15:21',0,23,2,'Noe.V',35,NULL,54,NULL),
         ('2022-03-30 18:19','2022-03-30 18:27',0,34,2,'Noe.V',33,NULL,53,NULL),    
         ('2022-03-30 10:10','2022-03-30 11:24',0,32,1,'S.Verdi',10,NULL,NULL,121),
	 ('2022-03-29 21:19','2022-03-29 22:50',0,43,3,'G.Verdi',NULL,NULL,58,NULL), 
         ('2022-03-29 15:19','2022-03-29 16:27',0,24,2,'S.Verdi',24,NULL,61,NULL),  
         ('2022-03-30 13:19','2022-03-30 14:24',1,34,2,'Giacomo.V',NULL,NULL,NULL,118),  
         ('2022-03-30 17:51','2022-03-30 18:27',0,27,2,'CateBelli',NULL,NULL,NULL,117),  
         ('2022-03-30 17:17','2022-03-30 20:00',0,32,2,'Noe.V',NULL,16,NULL,NULL),  
         ('2022-03-30 21:19','2022-03-30 22:57',0,56,3,'G.Verdi',NULL,14,NULL,NULL),
         ('2022-03-30 9:19','2022-03-30 11:27',0,45,1,'Giacomo.V',NULL,11,NULL,NULL),
         ('2022-03-29 11:19','2022-03-29 12:00',0,44,1,'CateBelli',NULL,10,NULL,NULL),
	 ('2022-03-28 9:19','2022-03-28 11:20',0,42,1,'G.Verdi',NULL,9,NULL,NULL),
         ('2022-03-30 12:19','2022-03-30 14:21',0,23,2,'S.Verdi',NULL,8,NULL,NULL),
         ('2022-03-30 21:12','2022-03-30 22:26',0,68,3,'Noe.V',NULL,5,NULL,NULL),
         ('2022-03-29 8:19','2022-03-29 11:21',0,67,1,'G.Verdi',54,NULL,53,NULL),
         ('2022-03-29 16:45','2022-03-29 18:33',0,55,2,'S.Verdi',NULL,3,NULL,NULL),
         ('2022-03-30 12:19','2022-03-30 16:21',0,20,2,'CateBelli',NULL,NULL,NULL,114),
         ('2022-03-30 20:19','2022-03-30 22:27',0,34,3,'Noe.V',31,NULL,3,NULL),
         ('2022-03-30 17:19','2022-03-30 19:21',0,33,2,'G.Verdi',NULL,NULL,54,NULL),
	 ('2022-03-29 13:12','2022-03-29 14:24',0,24,2,'Noe.V',NULL,4,NULL,NULL),  
         ('2022-03-30 17:51','2022-03-30 18:27',0,23,2,'Giacomo.V',NULL,NULL,NULL,104),  
         ('2022-03-30 16:17','2022-03-30 19:27',0,22,2,'Giacomo.V',41,NULL,53,NULL),  
         ('2022-03-29 21:19','2022-03-29 22:57',0,24,3,'G.Verdi',NULL,1,NULL,NULL),
         ('2022-03-30 9:19','2022-03-30 11:27',0,35,1,'S.Verdi',NULL,2,NULL,NULL), 
         ('2022-03-30 9:03','2022-03-30 11:21',0,36,1,'CateBelli',56,NULL,54,NULL),
	 ('2022-03-29 10:19','2022-03-29 11:20',1,41,1,'G.Verdi',NULL,NULL,NULL,108), 
         ('2022-03-30 12:05','2022-03-30 16:21',0,42,2,'Giacomo.V',NULL,NULL,NULL,107),
         ('2022-03-30 22:12','2022-03-30 22:26',0,22,3,'S.Verdi',NULL,NULL,NULL,106), 
         ('2022-03-29 13:10','2022-03-29 18:21',0,55,2,'G.Verdi',NULL,NULL,68,NULL);
       
       
       
COMMIT;


-- FasciaOraria
BEGIN;
INSERT INTO FasciaOraria(Nome,Inizio,Fine,PrezzoRin,CostoNonRin,SceltaUtilizzo)
VALUES  ('Mattina','06:00:00','12:00:00',0.20,0.22,"UtilizzareEnergiaAutoprodotta"),    
        ('Pomeriggio','12:00:01','20:00:00',0.19,0.24,"UtilizzareEnergiaAutoprodotta"),
        ('Notte','20:00:01','05:59:59',0.18,0.20,"ReimmettereNellaRete");
COMMIT;

-- EnergiaProdotta
BEGIN;
INSERT INTO EnergiaProdotta(Timestamp,Irraggiamento,Quantita,IdPannello,IdFascia)
VALUES  ("2022-03-29 00:00:00",0,0,1,3), ("2022-03-29 01:00:00",0,0,1,3), ("2022-03-29 02:00:00",0,0,1,3), ("2022-03-29 03:00:00",0,0,1,3), ("2022-03-29 04:00:00", 0,0,1,3), ("2022-03-29 05:00:00",0,0,1,3), 
	("2022-03-29 06:00:00", 0.20,5,1,1), ("2022-03-29 07:00:00",0.25,6,1,1),  ("2022-03-29 08:00:00",0.25,6,1,1), ("2022-03-29 09:00:00", 0.30,8,1,1), ("2022-03-29 10:00:00",0.35,9,1,1),("2022-03-29 11:00:00", 0.39,10,1,1), 
        ("2022-03-29 12:00:00", 0.40,12,1,1),("2022-03-29 13:00:00",0.76,12,1,2),("2022-03-29 14:00:00",0.82,14,1,2), ("2022-03-29 15:00;00",1.20,20,1,2),("2022-03-29 16:00:00",1.15,19,1,2), ("2022-03-29 17:00:00", 1.00,18,1,2),
        ("2022-03-29 18:00:00",0,0,1,2),("2022-03-29 19:00:00",0,0,1,2),("2022-03-29 20:00:00",0,0,1,2), ("2022-03-29 21:00:00",0,0,1,3), ("2022-03-29 22:00:00",0,0,1,3),("2022-03-29 23:00:00",4,19,2,0),
        
	("2022-03-29 00:00:00",0,0,2,3), ("2022-03-29 01:00:00",0,0,2,3), ("2022-03-29 02:00:00",0,0,2,3), ("2022-03-29 03:00:00",0,0,2,3), ("2022-03-29 04:00:00", 0,0,2,3), ("2022-03-29 05:00:00",0,0,2,3), 
	("2022-03-29 06:00:00", 0,0,2,1), ("2022-03-29 07:00:00",0,0,2,1),  ("2022-03-29 08:00:00",0,0,2,1), ("2022-03-29 09:00:00", 0.15,7,2,1), ("2022-03-29 10:00:00",0.34,9,2,1),("2022-03-29 11:00:00", 0.54,12,2,1), 
        ("2022-03-29 12:00:00", 0.75,20,2,1),("2022-03-29 13:00:00",0.98,35,2,2),("2022-03-29 14:00:00",1.12,45,2,2), ("2022-03-29 15:00:00",1.30,50,2,2),("2022-03-29 16:00:00",1.10,40,2,2), ("2022-03-29 17:00:00", 0.75,30,2,2),
        ("2022-03-29 18:00:00",0.10,6,2,2),("2022-03-29 19:00:00",0,0,2,2),("2022-03-29 20:00:00",0,0,2,2), ("2022-03-29 21:00:00",0,0,2,3), ("2022-03-29 22:00:00",0,0,2,3),("2022-03-29 23:00:00",0,0,2,3),
        
        ("2022-03-29 00:00:00",0,0,3,3), ("2022-03-29 01:00:00",0,0,3,3), ("2022-03-29 02:00:00",0,0,3,3), ("2022-03-29 03:00:00",0,0,3,3), ("2022-03-29 04:00:00", 0,0,3,3), ("2022-03-29 05:00:00",0,0,3,3), 
	("2022-03-29 06:00:00", 0,0,3,1), ("2022-03-29 07:00:00",0,0,3,3),  ("2022-03-29 08:00:00",0,0,3,1), ("2022-03-29 09:00:00", 0,0,3,1), ("2022-03-29 10:00:00",0,0,3,1),("2022-03-29 11:00:00", 0.85,60,3,1), 
        ("2022-03-29 12:00:00", 1.20,66,3,1),("2022-03-29 13:00:00",1.35,80,3,2),("2022-03-29 14:00:00",1.60,83,3,2), ("2022-03-29 15:00:00",1.87,98,3,2),("2022-03-29 16:00:00",1.92,102,3,2), ("2022-03-29 17:00:00", 1.15,86,3,2),
        ("2022-03-29 18:00:00",0.75,40,3,2),("2022-03-29 19:00:00",0,0,3,2),("2022-03-29 20:00:00",0,0,3,2), ("2022-03-29 21:00:00",0,0,3,3), ("2022-03-29 22:00:00",0,0,0,3),("2022-03-29 23:00:00",0,0,3,3),
       
        -- 30/03/2022       
        ("2022-03-30 00:00:00",0,0,1,3), ("2022-03-30 01:00:00",0,0,1,3), ("2022-03-30 02:00:00",0,0,1,3), ("2022-03-30 03:00:00",0,0,1,3), ("2022-03-30 04:00:00", 0,0,1,3), ("2022-03-30 05:00:00",0,0,1,3), 
	("2022-03-30 06:00:00", 0,0,1,1), ("2022-03-30 07:000:00",0,0,1,1),  ("2022-03-30 08:00:00",0,0,1,1), ("2022-03-30 09:00:00", 0,0,1,1), ("2022-03-30 10:00:00",0.15,5,1,1),("2022-03-30 11:00:00", 0.20,8,1,1), 
        ("2022-03-30 12:00:00", 0.75,45,1,1),("2022-03-30 13:00:00",1.20,60,1,2),("2022-03-30 14:00:00",1.45,65,1,2), ("2022-03-30 15:00:00",1.70,80,1,2),("2022-03-30 16:00:00",1.75,85,1,2), ("2022-03-30 17:00:00", 1.45,60,1,2),
        ("2022-03-30 18:00:00",0.56,30,1,2),("2022-03-30 19:00:00",0,0,1,2),("2022-03-30 20:00:00",0,0,1,2), ("2022-03-30 21:00:00",0,0,1,3), ("2022-03-30 22:00:00",0,0,1,3),("2022-03-30 23:00:00",0,0,1,3),
        
	("2022-03-30 00:00:00",0,0,2,3), ("2022-03-30 01:00:00",0,0,2,3), ("2022-03-30 02:00:00",0,0,2,3), ("2022-03-30 03:00:00",0,0,2,3), ("2022-03-30 04:00:00", 0,0,2,3), ("2022-03-30 05:00:00",0,0,2,3), 
	("2022-03-30 06:00:00", 0,0,2,1), ("2022-03-30 07:00:00",0,0,2,1),  ("2022-03-30 08:00:00",0.50,15,2,1), ("2022-03-30 09:00:00", 0.75,30,2,1), ("2022-03-30 10:00:00",1.24,35,2,1),("2022-03-30 11:00:00", 1.35,56,2,1), 
        ("2022-03-30 12:00:00", 1.78,60,2,1),("2022-03-30 13:00:00",1.98,72,2,2),("2022-03-30 14:00:00",2.00,100,2,2), ("2022-03-30 15:00:00",2.14,110,2,2),("2022-03-30 16:00:00",1.50,65,2,2), ("2022-03-30 17:00:00", 1.20,50,2,2),
        ("2022-03-30 18:00:00",0.65,30,2,2),("2022-03-30 19:00:00",0.40,22,2,2),("2022-03-30 20:00:00",0,0,2,2), ("2022-03-30 21:00:00",0,0,2,2), ("2022-03-30 22:00:00",0,0,2,2),("2022-03-30 23:00:00",0,0,2,2),
        
        ("2022-03-30 00:00:00",0,0,3,3), ("2022-03-30 01:00:00",0,0,3,3), ("2022-03-30 02:00:00",0,0,3,3), ("2022-03-30 03:00:00",0,0,3,3), ("2022-03-30 04:00:00", 0,0,3,3), ("2022-03-30 05:00:00",0,0,3,3), 
	("2022-03-30 06:00:00", 0,0,3,1), ("2022-03-30 07:00:00",0,0,3,1),  ("2022-03-30 08:00:00",0,0,3,1), ("2022-03-30 09:00:00", 0,0,3,1), ("2022-03-30 10:00:00",0.20,15,3,1),("2022-03-30 11:00:00", 0.67,35,3,1), 
        ("2022-03-30 12:00:00", 0.68,45,3,1),("2022-03-30 13:00:00",0.98,80,3,2),("2022-03-30 14:00:00",0.79,76,3,2), ("2022-03-30 15:00:00",0.68,74,3,2),("2022-03-30 16:00:00",0.56,3,3,2), ("2022-03-30 17:00:00", 0.20,15,3,2),
        ("2022-03-30 18:00:00",0,0,3,2),("2022-03-30 19:00:00",0,0,3,2),("2022-03-30 20:00:00",0,0,3,2), ("2022-03-30 21:00:00",0,0,3,3), ("2022-03-30 22:00:00",0,0,3,3),("2022-03-30 23:00:00",0,0,3,3),
        
        -- 31/03/22
               
        ("2022-03-28 00:00:00",0,0,1,3), ("2022-03-28 01:00:00",0,0,1,3), ("2022-03-28 02:00:00",0,0,1,3), ("2022-03-28 03:00:00",0,0,1,3), ("2022-03-28 04:00:00", 0,0,1,3), ("2022-03-28 05:00:00",0,0,1,3), 
	("2022-03-28 06:00:00", 0.16,5,1,1), ("2022-03-28 07:00:00",0.20,10,1,1),  ("2022-03-28 08:00:00",0.45,25,1,1), ("2022-03-28 09:00:00", 0.65,27,1,1), ("2022-03-28 10:00:00",0.80,42,1,1),("2022-03-28 11:00:00", 0.85,43,1,1), 
        ("2022-03-28 12:00:00", 0.88,65,1,1),("2022-03-28 13:00:00",1.15,68,1,2),("2022-03-28 14:00:00",1.45,70,1,2), ("2022-03-28 15:00:00",1.30,65,1,2),("2022-03-28 16:00:00",1.25,63,1,2), ("2022-03-28 17:00:00", 0.60,57,1,2),
        ("2022-03-28 18:00:00",0.30,35,11,2),("2022-03-28 19:00:00",0.10,5,1,2),("2022-03-28 20:00:00",0,0,1,2), ("2022-03-28 21:00:00",0,0,1,3), ("2022-03-28 22:00:00",0,0,1,3),("2022-03-28 23:00:00",0,0,1,3),
        
	("2022-03-28 00:00:00",0,0,2,3), ("2022-03-28 01:00:00",0,0,2,3), ("2022-03-28 02:00:00",0,0,2,3), ("2022-03-28 03:00:00",0,0,2,3), ("2022-03-28 04:00:00", 0,0,2,3), ("2022-03-28 05:00:00",0,0,2,3), 
	("2022-03-28 06:00:00", 0.15,10,2,1), ("2022-03-28 07:00:00",0.40,30,2,1),  ("2022-03-28 08:00:00",0.60,45,2,1), ("2022-03-28 09:00:00", 0.76,75,2,1), ("2022-03-28 10:00:00",1.14,81,2,1),("2022-03-28 11:00:00", 1.28,95,2,1), 
        ("2022-03-28 12:00:00", 1.29,108,2,1),("2022-03-28 13:00:00",1.32,110,2,2),("2022-03-28 14:00:00",1.39,124,2,2), ("2022-03-28 15:00:00",1.10,102,2,2),("2022-03-28 16:00:00",0.97,88,2,2), ("2022-03-28 17:00:00", 0.67,72,2,2),
        ("2022-03-28 18:00:00",0.45,55,2,2),("2022-03-28 19:00:00",0,0,2,2),("2022-03-28 20:00:00",0,0,2,2), ("2022-03-28 21:00:00",0,0,2,3), ("2022-03-28 22:00:00",0,0,2,3),("2022-03-28 23:00:00",0,0,2,3),
        
        ("2022-03-28 00:00:00",0,0,3,3), ("2022-03-28 01:00:00",0,0,3,3), ("2022-03-28 02:00:00",0,0,3,3), ("2022-03-28 03:00:00",0,0,3,3), ("2022-03-28 04:00:00", 0,0,3,3), ("2022-03-28 05:00:00",0,0,3,3), 
	("2022-03-28 06:00:00", 0.15,32,3,1), ("2022-03-28 07:00:00",0.25,36,3,1),  ("2022-03-28 08:00:00",0.45,47,3,1), ("2022-03-28 09:00:00", 0.55,60,3,1), ("2022-03-28 10:00:00",0.72,76,3,1),("2022-03-28 11:00:00", 0.94,82,3,1), 
        ("2022-03-28 12:00:00", 0.97,100,3,1),("2022-03-28 13:00:00",1.12,110,3,2),("2022-03-28 14:00:00",1.15,112,3,2), ("2022-03-28 15:00:00",1.10,105,3,2),("2022-03-28 16:00:00",0.98,97,3,2), ("2022-03-28 17:00:00", 0.45,65,3,2),
        ("2022-03-28 18:00:00",0.30,30,3,2),("2022-03-28 19:00:00",0,0,3,2),("2022-03-28 20:00:00",0,0,3,2), ("2022-03-28 21:00:00",0,0,3,3), ("2022-03-28 22:00:00",0,0,3,3),("2022-03-28 23:00:00",0,0,3,3);
       
COMMIT;

-- Pannello
BEGIN;
INSERT INTO Pannello(Superficie)
VALUES (8.60),
        (9.30),
        (12.45);
        
COMMIT;

-- Notifica
BEGIN;
INSERT INTO Notifica(Invio,Codice,Risposta,NomeUtente)
VALUES ('2022-01-30 14:15:00',1,0,'CateBelli'),
        ('2022-01-30 15:24:00',2,0,'Sara.V'),
        ('2022-01-30 12:12:03',3,0,'Noe.V'),
        ('2022-01-30 10:09:04',2,1,'CateBelli'),
        ('2022-01-30 14:20:00',4,0,'Giacomo.V'),
        ('2022-01-30 15:02:09',5,1,'G.Verdi'),
        ('2022-02-19 16:00:57',6,0,'CateBelli'),
        ('2022-02-19 13:15:08',7,0,'Giacomo.V'),
        ('2022-02-19 12:13:09',8,1,'Noe.V'),
        ('2022-02-19 11:45:54',9,1,'G.Verdi'),
        ('2022-02-19 18:45:00',6,0,'Giacomo.V'),
        ('2022-03-29 18:31:12',7,1,'Noe.V'),
        ('2022-03-29 16:26:21',8,0,'G.Verdi'),
        ('2022-03-29 15:45:15',9,0,'Sara.V'),
        ('2022-03-29 13:45:09',8,0,'Noe.V'),
        ('2022-03-28 14:36:12',10,0,'Sara.V'),
        ('2022-03-28 13:25:15',11,0,'Sara.V'),
        ('2022-03-28 15:36:45',12,0,'Sara.V'),
        ('2022-03-28 17:25:46',13,0,'Giacomo.V'),
        ('2022-03-28 19:23:15',8,0,'Noe.V');
COMMIT;

-- fine popolamento area energia


-- #POPOLAMENTO AREA COMFORT

-- RegistroTemperatura (i dati registrati sono riferiti al periodo 29/03/22-31/03/22, per tutte le stanze (11))
-- il campo efficienza ha tutti valori 0, poi vanno cambiati
BEGIN;
INSERT INTO RegistroTemperatura (Timestamp,IdStanza,TemperaturaIn,TemperaturaOut,Efficienza)
VALUES        
        ("2022-03-29 00:00:00",4,15,-3,0), ("2022-03-29 01:00:00",4,15,-3,0), ("2022-03-29 02:00:00",4,16,-2,0), ("2022-03-29 03:00:00",4,17,-2,0), ("2022-03-29 04:00:00", 4,18,-2,0), ("2022-03-29 05:00:00",4,18,-1,0), 
	("2022-03-29 06:00:00", 4,17,0,0), ("2022-03-29 07:00:00",4,19,3,0),  ("2022-03-29 08:00:00",4,19,4,0), ("2022-03-29 09:00:00", 4,20,8,0), ("2022-03-29 10:00:00",4,20,9,0),("2022-03-29 11:00:00", 4,21,10,0), 
        ("2022-03-29 12:00:00", 4,21,15,0),("2022-03-29 13:00:00",4,22,16,0),("2022-03-29 14:00:00",4,22,17,0), ("2022-03-29 15:00:00",4,22,16,0),("2022-03-29 16:00:00",4,21,13,0), ("2022-03-29 17:00:00", 4,20,13,0),
        ("2022-03-29 18:00:00",4,21,12,0),("2022-03-29 19:00:00",4,20,11,0),("2022-03-29 20:00:00",4,20,10,0), ("2022-03-29 21:00:00",4,21,9,0), ("2022-03-29 22:00:00",4,20,8,0),("2022-03-29 23:00:00",4,19,2,0),
        
	("2022-03-29 00:00:00",6,16,-3,0), ("2022-03-29 01:00:00",6,15,-3,0), ("2022-03-29 02:00:00",6,15,-2,0), ("2022-03-29 03:00:00",6,16,-2,0), ("2022-03-29 04:00:00", 6,17,-2,0), ("2022-03-29 05:00:00",6,18,-1,0), 
	("2022-03-29 06:00:00", 6,17,0,0), ("2022-03-29 07:00:00",6,18,3,0),  ("2022-03-29 08:00:00",6,18,4,0), ("2022-03-29 09:00:00", 6,19,8,0), ("2022-03-29 10:00:00",6,19,9,0),("2022-03-29 11:00:00", 6,20,10,0), 
        ("2022-03-29 12:00:00", 6,20,15,0),("2022-03-29 13:00:00",6,21,16,0),("2022-03-29 14:00:00",6,21,17,0), ("2022-03-29 15:00:00",6,21,16,0),("2022-03-29 16:00:00",6,22,13,0), ("2022-03-29 17:00:00", 6,22,13,0),
        ("2022-03-29 18:00:00",6,20,12,0),("2022-03-29 19:00:00",6,21,11,0),("2022-03-29 20:00:00",6,21,10,0), ("2022-03-29 21:00:00",6,20,9,0), ("2022-03-29 22:00:00",6,19,8,0),("2022-03-29 23:00:00",6,19,2,0),
        
        ("2022-03-29 00:00:00",8,18,-3,0), ("2022-03-29 01:00:00",8,18,-3,0), ("2022-03-29 02:00:00",8,19,-2,0), ("2022-03-29 03:00:00",8,18,-2,0), ("2022-03-29 04:00:00", 8,18,-2,0), ("2022-03-29 05:00:00",8,19,-1,0), 
	("2022-03-29 06:00:00",8,19,0,0), ("2022-03-29 07:00:00",8,19,3,0),  ("2022-03-29 08:00:00",8,20,4,0), ("2022-03-29 09:00:00",8,19,8,0), ("2022-03-29 10:00:00",8,20,9,0),("2022-03-29 11:00:00",8,22,10,0), 
        ("2022-03-29 12:00:00", 8,22,15,0),("2022-03-29 13:00:00",8,22,16,0),("2022-03-29 14:00:00",8,22,17,0), ("2022-03-29 15:00:00",8,24,16,0),("2022-03-29 16:00:00",8,22,13,0), ("2022-03-29 17:00:00",8,21,13,0),
        ("2022-03-29 18:00:00",8,22,12,0),("2022-03-29 19:00:00",8,20,11,0),("2022-03-29 20:00:00",8,23,10,0), ("2022-03-29 21:00:00",8,22,9,0), ("2022-03-29 22:00:00",8,20,8,0),("2022-03-29 23:00:00",8,20,2,0),
        
        ("2022-03-29 00:00:00",3,14,-3,0), ("2022-03-29 01:00:00",3,15,-3,0), ("2022-03-29 02:00:00",3,16,-2,0), ("2022-03-29 03:00:00",3,18,-2,0), ("2022-03-29 04:00:00", 3,19,-2,0), ("2022-03-29 05:00:00",3,18,-1,0), 
	("2022-03-29 06:00:00", 3,17,0,0), ("2022-03-29 07:00:00",3,18,3,0),  ("2022-03-29 08:00:00",3,19,4,0), ("2022-03-29 09:00:00", 3,20,8,0), ("2022-03-29 10:00:00",3,19,9,0),("2022-03-29 11:00:00",3,20,10,0), 
        ("2022-03-29 12:00:00", 3,20,15,0),("2022-03-29 13:00:00",3,20,16,0),("2022-03-29 14:00:00",3,21,17,0), ("2022-03-29 15:00:00",3,19,16,0),("2022-03-29 16:00:00",3,18,13,0), ("2022-03-29 17:00:00", 3,19,13,0),
        ("2022-03-29 18:00:00",3,20,12,0),("2022-03-29 19:00:00",3,18,11,0),("2022-03-29 20:00:00",3,19,10,0), ("2022-03-29 21:00:00",3,20,9,0), ("2022-03-29 22:00:00",3,17,8,0),("2022-03-29 23:00:00",3,15,2,0),
        
        ("2022-03-29 00:00:00",1,20,-3,0), ("2022-03-29 01:00:00",1,19,-3,0), ("2022-03-29 02:00:00",1,21,-2,0), ("2022-03-29 03:00:00",1,21,-2,0), ("2022-03-29 04:00:00", 1,22,-2,0), ("2022-03-29 05:00:00",1,21,-1,0), 
	("2022-03-29 06:00:00", 1,21,0,0), ("2022-03-29 07:00:00",1,21,3,0),  ("2022-03-29 08:00:00",1,20,4,0), ("2022-03-29 09:00:00", 1,20,8,0), ("2022-03-29 10:00:00",1,21,9,0),("2022-03-29 11:00:00",1,20,10,0), 
        ("2022-03-29 12:00:00", 1,20,15,0),("2022-03-29 13:00:00",1,21,16,0),("2022-03-29 14:00:00",1,22,17,0), ("2022-03-29 15:00:00",1,23,16,0),("2022-03-29 16:00:00",1,21,13,0), ("2022-03-29 17:00:00", 1,22,13,0),
        ("2022-03-29 18:00:00",1,22,12,0),("2022-03-29 19:00:00",1,20,11,0),("2022-03-29 20:00:00",1,19,10,0), ("2022-03-29 21:00:00",1,20,9,0), ("2022-03-29 22:00:00",1,21,8,0),("2022-03-29 23:00:00",1,20,2,0),
        
        ("2022-03-29 00:00:00",2,21,-3,0), ("2022-03-29 01:00:00",2,20,-3,0), ("2022-03-29 02:00:00",2,21,-2,0), ("2022-03-29 03:00:00",2,20,-2,0), ("2022-03-29 04:00:00", 2,20,-2,0), ("2022-03-29 05:00:00",2,21,-1,0), 
	("2022-03-29 06:00:00", 2,19,0,0), ("2022-03-29 07:00:00",2,20,3,0),  ("2022-03-29 08:00:00",2,21,4,0), ("2022-03-29 09:00:00", 2,21,8,0), ("2022-03-29 10:00:00",2,22,9,0),("2022-03-29 11:00:00",2,21,10,0), 
        ("2022-03-29 12:00:00", 2,22,15,0),("2022-03-29 13:00:00",2,22,16,0),("2022-03-29 14:00:00",2,21,17,0), ("2022-03-29 15:00:00",2,21,16,0),("2022-03-29 16:00:00",2,22,13,0), ("2022-03-29 17:00:00", 2,23,13,0),
        ("2022-03-29 18:00:00",2,19,12,0),("2022-03-29 19:00:00",2,20,11,0),("2022-03-29 20:00:00",2,20,10,0), ("2022-03-29 21:00:00",2,19,9,0), ("2022-03-29 22:00:00",2,20,8,0),("2022-03-29 23:00:00",2,19,2,0),
        
        ("2022-03-29 00:00:00",7,17,-3,0), ("2022-03-29 01:00:00",7,18,-3,0), ("2022-03-29 02:00:00",7,19,-2,0), ("2022-03-29 03:00:00",7,18,-2,0), ("2022-03-29 04:00:00", 7,19,-2,0), ("2022-03-29 05:00:00",7,18,-1,0), 
	("2022-03-29 06:00:00", 7,19,0,0), ("2022-03-29 07:00:00",7,18,3,0),  ("2022-03-29 08:00:00",7,19,4,0), ("2022-03-29 09:00:00", 7,20,8,0), ("2022-03-29 10:00:00",7,19,9,0),("2022-03-29 11:00:00",7,20,10,0), 
        ("2022-03-29 12:00:00", 7,20,15,0),("2022-03-29 13:00:00",7,22,16,0),("2022-03-29 14:00:00",7,22,17,0), ("2022-03-29 15:00:00",7,21,16,0),("2022-03-29 16:00:00",7,22,13,0), ("2022-03-29 17:00:00", 7,19,13,0),
        ("2022-03-29 18:00:00",7,19,12,0),("2022-03-29 19:00:00",7,20,11,0),("2022-03-29 20:00:00",7,19,10,0), ("2022-03-29 21:00:00",7,18,9,0), ("2022-03-29 22:00:00",7,17,8,0),("2022-03-29 23:00:00",7,18,2,0),
        
        ("2022-03-29 00:00:00",5,20,-3,0), ("2022-03-29 01:00:00",5,20,-3,0), ("2022-03-29 02:00:00",5,19,-2,0), ("2022-03-29 03:00:00",5,19,-2,0), ("2022-03-29 04:00:00", 5,20,-2,0), ("2022-03-29 05:00:00",5,20,-1,0), 
	("2022-03-29 06:00:00", 5,21,0,0), ("2022-03-29 07:00:00",5,21,3,0),  ("2022-03-29 08:00:00",5,22,4,0), ("2022-03-29 09:00:00", 5,23,8,0), ("2022-03-29 10:00:00",5,22,9,0),("2022-03-29 11:00:00",5,21,10,0), 
        ("2022-03-29 12:00:00", 5,23,15,0),("2022-03-29 13:00:00",5,23,16,0),("2022-03-29 14:00:00",5,24,17,0), ("2022-03-29 15:00:00",5,21,16,0),("2022-03-29 16:00:00",5,22,13,0), ("2022-03-29 17:00:00", 5,21,13,0),
        ("2022-03-29 18:00:00",5,20,12,0),("2022-03-29 19:00:00",5,21,11,0),("2022-03-29 20:00:00",5,21,10,0), ("2022-03-29 21:00:00",5,20,9,0), ("2022-03-29 22:00:00",5,20,8,0),("2022-03-29 23:00:00",5,19,2,0),
        
        ("2022-03-29 00:00:00",9,18,-3,0), ("2022-03-29 01:00:00",9,18,-3,0), ("2022-03-29 02:00:00",9,19,-2,0), ("2022-03-29 03:00:00",9,19,-2,0), ("2022-03-29 04:00:00", 9,20,-2,0), ("2022-03-29 05:00:00",9,20,-1,0), 
	("2022-03-29 06:00:00", 9,20,0,0), ("2022-03-29 07:00:00",9,20,3,0),  ("2022-03-29 08:00:00",9,21,4,0), ("2022-03-29 09:00:00", 9,21,8,0), ("2022-03-29 10:00:00",9,20,9,0), ("2022-03-29 11:00:00",9,21,10,0), 
        ("2022-03-29 12:00:00", 9,22,15,0),("2022-03-29 13:00:00",9,23,16,0),("2022-03-29 14:00:00",9,23,17,0), ("2022-03-29 15:00:00",9,21,16,0),("2022-03-29 16:00:00",9,22,13,0), ("2022-03-29 17:00:00", 9,23,13,0),
        ("2022-03-29 18:00:00",9,20,12,0),("2022-03-29 19:00:00",9,21,11,0),("2022-03-29 20:00:00",9,22,10,0), ("2022-03-29 21:00:00",9,19,9,0), ("2022-03-29 22:00:00",9,20,8,0),("2022-03-29 23:00:00",9,19,2,0),
        
        ("2022-03-29 00:00:00",10,20,-3,0), ("2022-03-29 01:00:00",10,20,-3,0), ("2022-03-29 02:00:00",10,21,-2,0), ("2022-03-29 03:00:00",10,21,-2,0), ("2022-03-29 04:00:00", 10,20,-2,0), ("2022-03-29 05:00:00",10,21,-1,0), 
	("2022-03-29 06:00:00", 10,21,0,0), ("2022-03-29 07:00:00",10,21,3,0),  ("2022-03-29 08:00:00",10,21,4,0), ("2022-03-29 09:00:00", 10,20,8,0), ("2022-03-29 10:00:00",10,21,9,0),("2022-03-29 11:00:00",10,22,10,0), 
        ("2022-03-29 12:00:00", 10,22,15,0),("2022-03-29 13:00:00",10,23,16,0),("2022-03-29 14:00:00",10,24,17,0), ("2022-03-29 15:00:00",10,25,16,0),("2022-03-29 16:00:00",10,22,13,0), ("2022-03-29 17:00:00", 10,21,13,0),
        ("2022-03-29 18:00:00",10,21,12,0),("2022-03-29 19:00:00",10,20,11,0),("2022-03-29 20:00:00",10,21,10,0), ("2022-03-29 21:00:00",10,21,9,0), ("2022-03-29 22:00:00",10,20,8,0),("2022-03-29 23:00:00",10,19,2,0),
        
        ("2022-03-29 00:00:00",11,18,-3,0), ("2022-03-29 01:00:00",11,19,-3,0), ("2022-03-29 02:00:00",11,19,-2,0), ("2022-03-29 03:00:00",11,20,-2,0), ("2022-03-29 04:00:00", 11,20,-2,0), ("2022-03-29 05:00:00",11,21,-1,0), 
	("2022-03-29 06:00:00", 11,20,0,0), ("2022-03-29 07:00:00",11,21,3,0),  ("2022-03-29 08:00:00",11,20,4,0), ("2022-03-29 09:00:00", 11,20,8,0), ("2022-03-29 10:00:00",11,21,9,0),("2022-03-29 11:00:00",11,22,10,0), 
        ("2022-03-29 12:00:00", 11,20,15,0),("2022-03-29 13:00:00",11,21,16,0),("2022-03-29 14:00:00",11,20,17,0), ("2022-03-29 15:00:00",11,21,16,0),("2022-03-29 16:00:00",11,21,13,0), ("2022-03-29 17:00:00", 11,20,13,0),
        ("2022-03-29 18:00:00",11,20,12,0),("2022-03-29 19:00:00",11,19,11,0),("2022-03-29 20:00:00",11,19,10,0), ("2022-03-29 21:00:00",11,19,9,0), ("2022-03-29 22:00:00",11,18,8,0),("2022-03-29 23:00:00",11,18,2,0),


        -- 30/03/2022       
         ("2022-03-30 00:00:00",4,18,1,0), ("2022-03-30 01:00:00",4,18,0,0), ("2022-03-30 02:00:00",4,19,-1,0), ("2022-03-30 03:00:00",4,19,-1,0), ("2022-03-30 04:00:00", 4,20,0,0), ("2022-03-30 05:00:00",4,20,1,0), 
	("2022-03-30 06:00:00", 4,18,1,0), ("2022-03-30 07:00:00",4,20,2,0),  ("2022-03-30 08:00:00",4,19,4,0), ("2022-03-30 09:00:00", 4,20,6,0), ("2022-03-30 10:00:00",4,21,9,0),("2022-03-30 11:00:00", 4,23,11,0), 
        ("2022-03-30 12:00:00", 4,22,14,0),("2022-03-30 13:00:00",4,21,17,0),("2022-03-30 14:00:00",4,23,18,0), ("2022-03-30 15:00:00",4,23,20,0),("2022-03-30 16:00:00",4,24,19,0), ("2022-03-30 17:00:00",4,23,18,0),
        ("2022-03-30 18:00:00",4,22,15,0),("2022-03-30 19:00:00",4,22,14,0),("2022-03-30 20:00:00",4,21,12,0), ("2022-03-30 21:00:00",4,21,11,0), ("2022-03-30 22:00:00",4,20,9,0),("2022-03-30 23:00:00",4,21,7,0),
        
	("2022-03-30 00:00:00",6,17,1,0), ("2022-03-30 01:00:00",6,18,0,0), ("2022-03-30 02:00:00",6,19,-1,0), ("2022-03-30 03:00:00",6,20,-1,0), ("2022-03-30 04:00:00", 6,19,0,0), ("2022-03-30 05:00:00",6,19,1,0), 
	("2022-03-30 06:00:00", 6,20,1,0), ("2022-03-30 07:00:00",6,20,2,0),  ("2022-03-30 08:00:00",6,21,4,0), ("2022-03-30 09:00:00", 6,22,7,0), ("2022-03-30 10:00:00",6,23,9,0),("2022-03-30 11:00:00", 6,24,11,0), 
        ("2022-03-30 12:00:00", 6,24,14,0),("2022-03-30 13:00:00",6,25,17,0),("2022-03-30 14:00:00",6,23,18,0), ("2022-03-30 15:00:00",6,23,20,0),("2022-03-30 16:00:00",6,22,19,0), ("2022-03-30 17:00:00", 6,22,18,0),
        ("2022-03-30 18:00:00",6,21,15,0),("2022-03-30 19:00:00",6,22,11,0),("2022-03-30 20:00:00",6,22,12,0), ("2022-03-30 21:00:00",6,21,11,0), ("2022-03-30 22:00:00",6,20,9,0),("2022-03-30 23:00:00",6,20,7,0),
        
        ("2022-03-30 00:00:00",8,18,1,0), ("2022-03-30 01:00:00",8,20,0,0), ("2022-03-30 02:00:00",8,20,-1,0), ("2022-03-30 03:00:00",8,20,-1,0), ("2022-03-30 04:00:00", 8,21,0,0), ("2022-03-30 05:00:00",8,20,1,0), 
	("2022-03-30 06:00:00", 8,21,1,0), ("2022-03-30 07:00:00",8,21,2,0),  ("2022-03-30 08:00:00",8,20,4,0), ("2022-03-30 09:00:00", 8,21,7,0), ("2022-03-30 10:00:00",8,22,9,0),("2022-03-30 11:00:00", 8,22,11,0), 
        ("2022-03-30 12:00:00", 8,22,14,0),("2022-03-30 13:00:00",8,23,17,0),("2022-03-30 14:00:00",8,24,18,0), ("2022-03-30 15:00:00",8,24,20,0),("2022-03-30 16:00:00",8,23,19,0), ("2022-03-30 17:00:00", 8,22,18,0),
        ("2022-03-30 18:00:00",8,24,15,0),("2022-03-30 19:00:00",8,23,11,0),("2022-03-30 20:00:00",8,23,12,0), ("2022-03-30 21:00:00",8,22,11,0), ("2022-03-30 22:00:00",8,21,9,0),("2022-03-30 23:00:00",8,22,7,0),
        
        ("2022-03-30 00:00:00",3,17,1,0), ("2022-03-30 01:00:00",3,17,0,0), ("2022-03-30 02:00:00",3,16,-1,0), ("2022-03-30 03:00:00",3,18,-1,0), ("2022-03-30 04:00:00", 3,19,0,0), ("2022-03-30 05:00:00",3,20,1,0), 
	("2022-03-30 06:00:00", 3,20,1,0), ("2022-03-30 07:00:00",3,19,2,0),  ("2022-03-30 08:00:00",3,18,4,0), ("2022-03-30 09:00:00", 3,19,7,0), ("2022-03-30 10:00:00",3,19,9,0),("2022-03-30 11:00:00", 3,20,11,0), 
        ("2022-03-30 12:00:00", 3,19,14,0),("2022-03-30 13:00:00",3,20,17,0),("2022-03-30 14:00:00",3,20,18,0), ("2022-03-30 15:00:00",3,19,20,0),("2022-03-30 16:00:00",3,20,19,0), ("2022-03-30 17:00:00", 3,21,18,0),
        ("2022-03-30 18:00:00",3,20,15,0),("2022-03-30 19:00:00",3,19,11,0),("2022-03-30 20:00:00",3,20,12,0), ("2022-03-30 21:00:00",3,21,11,0), ("2022-03-30 22:00:00",3,19,9,0),("2022-03-30 23:00:00",3,18,7,0),
        
        ("2022-03-30 00:00:00",1,22,1,0), ("2022-03-30 01:00:00",1,21,0,0), ("2022-03-30 02:00:00",1,22,-1,0), ("2022-03-30 03:00:00",1,21,-1,0), ("2022-03-30 04:00:00", 1,20,0,0), ("2022-03-30 05:00:00",1,21,1,0), 
	("2022-03-30 06:00:00", 1,21,1,0), ("2022-03-30 07:00:00",1,22,2,0),  ("2022-03-30 08:00:00",1,21,4,0), ("2022-03-30 09:00:00", 1,22,7,0), ("2022-03-30 10:00:00",1,21,9,0),("2022-03-30 11:00:00", 1,22,11,0), 
        ("2022-03-30 12:00:00", 1,21,14,0),("2022-03-30 13:00:00",1,22,17,0),("2022-03-30 14:00:00",1,21,18,0), ("2022-03-30 15:00:00",1,23,20,0),("2022-03-30 16:00:00",1,24,19,0), ("2022-03-30 17:00:00", 1,23,18,0),
        ("2022-03-30 18:00:00",1,22,15,0),("2022-03-30 19:00:00",1,21,11,0),("2022-03-30 20:00:00",1,20,12,0), ("2022-03-30 21:00:00",1,21,11,0), ("2022-03-30 22:00:00",1,22,9,0),("2022-03-30 23:00:00",1,21,7,0),
        
        ("2022-03-30 00:00:00",2,20,1,0), ("2022-03-30 01:00:00",2,21,0,0), ("2022-03-30 02:00:00",2,21,-1,0), ("2022-03-30 03:00:00",2,20,-1,0), ("2022-03-30 04:00:00", 2,21,0,0), ("2022-03-30 05:00:00",2,22,1,0), 
	("2022-03-30 06:00:00", 2,21,1,0), ("2022-03-30 07:00:00",2,22,3,0),  ("2022-03-30 08:00:00",2,21,4,0), ("2022-03-30 09:00:00", 2,23,7,0), ("2022-03-30 10:00:00",2,22,9,0),("2022-03-30 11:00:00", 2,23,11,0), 
        ("2022-03-30 12:00:00", 2,21,14,0),("2022-03-30 13:00:00",2,23,17,0),("2022-03-30 14:00:00",2,22,18,0), ("2022-03-30 15:00:00",2,23,20,0),("2022-03-30 16:00:00",2,24,19,0), ("2022-03-30 17:00:00", 2,23,18,0),
        ("2022-03-30 18:00:00",2,21,15,0),("2022-03-30 19:00:00",2,20,11,0),("2022-03-30 20:00:00",2,21,12,0), ("2022-03-30 21:00:00",2,20,11,0), ("2022-03-30 22:00:00",2,21,9,0),("2022-03-30 23:00:00",2,20,7,0),
        
        ("2022-03-30 00:00:00",7,18,1,0), ("2022-03-30 01:00:00",7,19,0,0), ("2022-03-30 02:00:00",7,20,-1,0), ("2022-03-30 03:00:00",7,21,-1,0), ("2022-03-30 04:00:00", 7,22,0,0), ("2022-03-30 05:00:00",7,20,1,0), 
	("2022-03-30 06:00:00", 7,20,1,0), ("2022-03-30 07:00:00",7,21,3,0),  ("2022-03-30 08:00:00",7,20,4,0), ("2022-03-30 09:00:00", 7,22,7,0), ("2022-03-30 10:00:00",7,21,9,0),("2022-03-30 11:00:00", 7,22,11,0), 
        ("2022-03-30 12:00:00", 7,22,14,0),("2022-03-30 13:00:00",7,23,17,0),("2022-03-30 14:00:00",7,21,18,0), ("2022-03-30 15:00:00",7,22,20,0),("2022-03-30 16:00:00",7,23,19,0), ("2022-03-30 17:00:00", 7,22,18,0),
        ("2022-03-30 18:00:00",7,20,15,0),("2022-03-30 19:00:00",7,21,11,0),("2022-03-30 20:00:00",7,20,12,0), ("2022-03-30 21:00:00",7,21,11,0), ("2022-03-30 22:00:00",7,22,9,0),("2022-03-30 23:00:00",7,20,7,0),
        
        ("2022-03-30 00:00:00",5,22,1,0), ("2022-03-30 01:00:00",5,21,0,0), ("2022-03-30 02:00:00",5,20,-1,0), ("2022-03-30 03:00:00",5,21,-1,0), ("2022-03-30 04:00:00", 5,20,0,0), ("2022-03-30 05:00:00",5,21,1,0), 
	("2022-03-30 06:00:00", 5,22,1,0), ("2022-03-30 07:00:00",5,23,3,0),  ("2022-03-30 08:00:00",5,24,4,0), ("2022-03-30 09:00:00", 5,23,7,0), ("2022-03-30 10:00:00",5,22,9,0),("2022-03-30 11:00:00", 5,21,11,0), 
        ("2022-03-30 12:00:00", 5,22,14,0),("2022-03-30 13:00:00",5,23,17,0),("2022-03-30 14:00:00",5,22,18,0), ("2022-03-30 15:00:00",5,23,20,0),("2022-03-30 16:00:00",5,22,19,0), ("2022-03-30 17:00:00", 5,21,18,0),
        ("2022-03-30 18:00:00",5,21,15,0),("2022-03-30 19:00:00",5,22,11,0),("2022-03-30 20:00:00",5,20,12,0), ("2022-03-30 21:00:00",5,19,11,0), ("2022-03-30 22:00:00",5,21,9,0),("2022-03-30 23:00:00",5,20,7,0),
        
        ("2022-03-30 00:00:00",9,19,1,0), ("2022-03-30 01:00:00",9,18,0,0), ("2022-03-30 02:00:00",9,19,-1,0), ("2022-03-30 03:00:00",9,20,-1,0), ("2022-03-30 04:00:00", 9,21,0,0), ("2022-03-30 05:00:00",9,19,1,0), 
	("2022-03-30 06:00:00", 9,21,1,0), ("2022-03-30 07:00:00",9,21,3,0),  ("2022-03-30 08:00:00",9,22,4,0), ("2022-03-30 09:00:00", 9,21,7,0), ("2022-03-30 10:00:00",9,22,9,0), ("2022-03-30 11:00:00", 9,20,11,0), 
        ("2022-03-30 12:00:00", 9,23,14,0),("2022-03-30 13:00:00",9,22,17,0),("2022-03-30 14:00:00",9,23,18,0), ("2022-03-30 15:00:00",9,22,20,0),("2022-03-30 16:00:00",9,23,19,0), ("2022-03-30 17:00:00", 9,22,18,0),
        ("2022-03-30 18:00:00",9,21,15,0),("2022-03-30 19:00:00",9,22,11,0),("2022-03-30 20:00:00",9,21,12,0), ("2022-03-30 21:00:00",9,20,11,0), ("2022-03-30 22:00:00",9,19,9,0),("2022-03-30 23:00:00",9,20,7,0),
        
        ("2022-03-30 00:00:00",10,21,1,0), ("2022-03-30 01:00:00",10,20,0,0), ("2022-03-30 02:00:00",10,21,-1,0), ("2022-03-30 03:00:00",10,20,-1,0), ("2022-03-30 04:00:00", 10,19,0,0), ("2022-03-30 05:00:00",10,20,1,0), 
	("2022-03-30 06:00:00", 10,22,1,0), ("2022-03-30 07:00:00",10,21,3,0),  ("2022-03-30 08:00:00",10,22,4,0), ("2022-03-30 09:00:00", 10,21,7,0), ("2022-03-30 10:00:00",10,22,9,0),("2022-03-30 11:00:00", 10,23,11,0), 
        ("2022-03-30 12:00:00", 10,23,14,0),("2022-03-30 13:00:00",10,24,17,0),("2022-03-30 14:00:00",10,23,18,0), ("2022-03-30 15:00:00",10,22,20,0),("2022-03-30 16:00:00",10,23,19,0), ("2022-03-30 17:00:00", 10,22,18,0),
        ("2022-03-30 18:00:00",10,22,15,0),("2022-03-30 19:00:00",10,21,11,0),("2022-03-30 20:00:00",10,22,12,0), ("2022-03-30 21:00:00",10,22,11,0), ("2022-03-30 22:00:00",10,21,9,0),("2022-03-30 23:00:00",10,20,7,0),
        
        ("2022-03-30 00:00:00",11,20,1,0), ("2022-03-30 01:00:00",11,21,0,0), ("2022-03-30 02:00:00",11,20,-1,0), ("2022-03-30 03:00:00",11,21,-1,0), ("2022-03-30 04:00:00", 11,22,0,0), ("2022-03-30 05:00:00",11,21,1,0), 
	("2022-03-30 06:00:00", 11,22,1,0), ("2022-03-30 07:00:00",11,22,3,0),  ("2022-03-30 08:00:00",11,21,4,0), ("2022-03-30 09:00:00", 11,22,7,0), ("2022-03-30 10:00:00",11,23,9,0),("2022-03-30 11:00:00", 11,24,11,0), 
        ("2022-03-30 12:00:00", 11,21,14,0),("2022-03-30 13:00:00",11,22,17,0),("2022-03-30 14:00:00",11,21,18,0), ("2022-03-30 15:00:00",11,22,20,0),("2022-03-30 16:00:00",11,23,19,0), ("2022-03-30 17:00:00", 11,22,18,0),
        ("2022-03-30 18:00:00",11,21,15,0),("2022-03-30 19:00:00",11,20,11,0),("2022-03-30 20:00:00",11,21,12,0), ("2022-03-30 21:00:00",11,20,11,0), ("2022-03-30 22:00:00",11,19,9,0),("2022-03-30 23:00:00",11,20,7,0),

        -- 31/03/22
               
         ("2022-03-28 00:00:00",4,20,-3,0), ("2022-03-28 01:00:00",4,21,-1,0), ("2022-03-28 02:00:00",4,20,0,0), ("2022-03-28 03:00:00",4,21,1,0), ("2022-03-28 04:00:00", 4,21,1,0), ("2022-03-28 05:00:00",4,22,2,0), 
	("2022-03-28 06:00:00", 4,20,4,0), ("2022-03-28 07:00:00",4,21,5,0),  ("2022-03-28 08:00:00",4,22,6,0), ("2022-03-28 09:00:00", 4,21,9,0), ("2022-03-28 10:00:00",4,20,10,0),("2022-03-28 11:00:00", 4,21,12,0), 
        ("2022-03-28 12:00:00", 4,23,18,0),("2022-03-28 13:00:00",4,22,19,0),("2022-03-28 14:00:00",4,23,20,0), ("2022-03-28 15:00:00",4,22,19,0),("2022-03-28 16:00:00",4,23,18,0), ("2022-03-28 17:00:00", 4,22,17,0),
        ("2022-03-28 18:00:00",4,21,14,0),("2022-03-28 19:00:00",4,20,12,0),("2022-03-28 20:00:00",4,19,11,0), ("2022-03-28 21:00:00",4,22,9,0), ("2022-03-28 22:00:00",4,23,8,0),("2022-03-28 23:00:00",4,21,6,0),
        
	("2022-03-28 00:00:00",6,19,-3,0), ("2022-03-28 01:00:00",6,20,-1,0), ("2022-03-28 02:00:00",6,20,0,0), ("2022-03-28 03:00:00",6,21,1,0), ("2022-03-28 04:00:00", 6,22,1,0), ("2022-03-28 05:00:00",6,21,2,0), 
	("2022-03-28 06:00:00", 6,21,4,0), ("2022-03-28 07:00:00",6,22,5,0),  ("2022-03-28 08:00:00",6,22,6,0), ("2022-03-28 09:00:00", 6,23,9,0), ("2022-03-28 10:00:00",6,22,10,0),("2022-03-28 11:00:00", 6,23,12,0), 
        ("2022-03-28 12:00:00", 6,23,18,0),("2022-03-28 13:00:00",6,24,19,0),("2022-03-28 14:00:00",6,22,20,0), ("2022-03-28 15:00:00",6,21,19,0),("2022-03-28 16:00:00",6,20,18,0), ("2022-03-28 17:00:00", 6,21,17,0),
        ("2022-03-28 18:00:00",6,20,14,0),("2022-03-28 19:00:00",6,21,12,0),("2022-03-28 20:00:00",6,22,11,0), ("2022-03-28 21:00:00",6,23,9,0), ("2022-03-28 22:00:00",6,22,8,0),("2022-03-28 23:00:00",6,21,6,0),
        
        ("2022-03-28 00:00:00",8,20,-3,0), ("2022-03-28 01:00:00",8,21,-1,0), ("2022-03-28 02:00:00",8,22,0,0), ("2022-03-28 03:00:00",8,21,1,0), ("2022-03-28 04:00:00", 8,22,1,0), ("2022-03-28 05:00:00",8,21,2,0), 
	("2022-03-28 06:00:00", 8,22,4,0), ("2022-03-28 07:00:00",8,23,5,0),  ("2022-03-28 08:00:00",8,22,6,0), ("2022-03-28 09:00:00", 8,23,9,0), ("2022-03-28 10:00:00",8,22,10,0),("2022-03-28 11:00:00", 8,21,12,0), 
        ("2022-03-28 12:00:00", 8,22,18,0),("2022-03-28 13:00:00",8,21,19,0),("2022-03-28 14:00:00",8,20,20,0), ("2022-03-28 15:00:00",8,22,19,0),("2022-03-28 16:00:00",8,23,18,0), ("2022-03-28 17:00:00", 8,22,17,0),
        ("2022-03-28 18:00:00",8,23,14,0),("2022-03-28 19:00:00",8,22,12,0),("2022-03-28 20:00:00",8,23,11,0), ("2022-03-28 21:00:00",8,21,9,0), ("2022-03-28 22:00:00",8,22,8,0),("2022-03-28 23:00:00",8,23,6,0),
        
        ("2022-03-28 00:00:00",3,19,-3,0), ("2022-03-28 01:00:00",3,18,-1,0), ("2022-03-28 02:00:00",3,19,0,0), ("2022-03-28 03:00:00",3,20,1,0), ("2022-03-28 04:00:00", 3,21,1,0), ("2022-03-28 05:00:00",3,21,2,0), 
	("2022-03-28 06:00:00", 3,22,4,0), ("2022-03-28 07:00:00",3,21,5,0),  ("2022-03-28 08:00:00",3,22,6,0), ("2022-03-28 09:00:00", 3,23,9,0), ("2022-03-28 10:00:00",3,22,10,0),("2022-03-28 11:00:00", 3,21,12,0), 
        ("2022-03-28 12:00:00", 3,22,18,0),("2022-03-28 13:00:00",3,25,19,0),("2022-03-28 14:00:00",3,24,20,0), ("2022-03-28 15:00:00",3,23,19,0),("2022-03-28 16:00:00",3,22,18,0), ("2022-03-28 17:00:00", 3,22,17,0),
        ("2022-03-28 18:00:00",3,22,14,0),("2022-03-28 19:00:00",3,20,12,0),("2022-03-28 20:00:00",3,21,11,0), ("2022-03-28 21:00:00",3,22,9,0), ("2022-03-28 22:00:00",3,21,8,0),("2022-03-28 23:00:00",3,20,6,0),
        
        ("2022-03-28 00:00:00",1,20,-3,0), ("2022-03-28 01:00:00",1,20,-1,0), ("2022-03-28 02:00:00",1,21,0,0), ("2022-03-28 03:00:00",1,22,1,0), ("2022-03-28 04:00:00", 1,21,1,0), ("2022-03-28 05:00:00",1,22,2,0), 
	("2022-03-28 06:00:00", 1,22,4,0), ("2022-03-28 07:00:00",1,21,5,0),  ("2022-03-28 08:00:00",1,21,6,0), ("2022-03-28 09:00:00", 1,20,9,0), ("2022-03-28 10:00:00",1,19,10,0),("2022-03-28 11:00:00", 1,20,12,0), 
        ("2022-03-28 12:00:00", 1,23,18,0),("2022-03-28 13:00:00",1,24,19,0),("2022-03-28 14:00:00",1,25,20,0), ("2022-03-28 15:00:00",1,24,19,0),("2022-03-28 16:00:00",1,23,18,0), ("2022-03-28 17:00:00", 1,22,17,0),
        ("2022-03-28 18:00:00",1,23,14,0),("2022-03-28 19:00:00",1,22,12,0),("2022-03-28 20:00:00",1,21,11,0), ("2022-03-28 21:00:00",1,22,9,0), ("2022-03-28 22:00:00",1,21,8,0),("2022-03-28 23:00:00",1,22,6,0),
        
        ("2022-03-28 00:00:00",2,19,-3,0), ("2022-03-28 01:00:00",2,20,-1,0), ("2022-03-28 02:00:00",2,21,0,0), ("2022-03-28 03:00:00",2,20,1,0), ("2022-03-28 04:00:00", 2,22,1,0), ("2022-03-28 05:00:00",2,23,2,0), 
	("2022-03-28 06:00:00", 2,22,4,0), ("2022-03-28 07:00:00",2,21,5,0),  ("2022-03-28 08:00:00",2,23,6,0), ("2022-03-28 09:00:00", 2,22,9,0), ("2022-03-28 10:00:00",2,23,10,0),("2022-03-28 11:00:00", 2,24,12,0), 
        ("2022-03-28 12:00:00", 2,23,18,0),("2022-03-28 13:00:00",2,26,19,0),("2022-03-28 14:00:00",2,27,20,0), ("2022-03-28 15:00:00",2,25,19,0),("2022-03-28 16:00:00",2,25,18,0), ("2022-03-28 17:00:00", 2,24,17,0),
        ("2022-03-28 18:00:00",2,22,14,0),("2022-03-28 19:00:00",2,21,12,0),("2022-03-28 20:00:00",2,22,11,0), ("2022-03-28 21:00:00",2,21,9,0), ("2022-03-28 22:00:00",2,21,8,0),("2022-03-28 23:00:00",2,20,6,0),
        
        ("2022-03-28 00:00:00",7,20,-3,0), ("2022-03-28 01:00:00",7,19,-1,0), ("2022-03-28 02:00:00",7,22,0,0), ("2022-03-28 03:00:00",7,20,1,0), ("2022-03-28 04:00:00", 7,21,1,0), ("2022-03-28 05:00:00",7,21,2,0), 
	("2022-03-28 06:00:00", 7,21,4,0), ("2022-03-28 07:00:00",7,22,5,0),  ("2022-03-28 08:00:00",7,23,6,0), ("2022-03-28 09:00:00", 7,20,9,0), ("2022-03-28 10:00:00",7,22,10,0),("2022-03-28 11:00:00", 7,23,12,0), 
        ("2022-03-28 12:00:00", 7,23,18,0),("2022-03-28 13:00:00",7,24,19,0),("2022-03-28 14:00:00",7,25,20,0), ("2022-03-28 15:00:00",7,26,19,0),("2022-03-28 16:00:00",7,24,18,0), ("2022-03-28 17:00:00", 7,23,17,0),
        ("2022-03-28 18:00:00",7,22,14,0),("2022-03-28 19:00:00",7,21,12,0),("2022-03-28 20:00:00",7,21,11,0), ("2022-03-28 21:00:00",7,20,9,0), ("2022-03-28 22:00:00",7,19,8,0),("2022-03-28 23:00:00",7,20,6,0),
        
        ("2022-03-28 00:00:00",5,21,-3,0), ("2022-03-28 01:00:00",5,19,-1,0), ("2022-03-28 02:00:00",5,18,0,0), ("2022-03-28 03:00:00",5,19,1,0), ("2022-03-28 04:00:00", 5,20,1,0), ("2022-03-28 05:00:00",5,22,2,0), 
	("2022-03-28 06:00:00", 5,22,4,0), ("2022-03-28 07:00:00",5,23,5,0),  ("2022-03-28 08:00:00",5,22,6,0), ("2022-03-28 09:00:00", 5,22,9,0), ("2022-03-28 10:00:00",5,23,10,0),("2022-03-28 11:00:00", 5,22,12,0), 
        ("2022-03-28 12:00:00", 5,21,18,0),("2022-03-28 13:00:00",5,24,19,0),("2022-03-28 14:00:00",5,21,18,0), ("2022-03-28 15:00:00",5,22.50,19,0),("2022-03-28 16:00:00",5,22.30,18,0), ("2022-03-28 17:00:00", 5,19.68,17,0),
        ("2022-03-28 18:00:00",5,21.43,14,0),("2022-03-28 19:00:00",5,21.43,12,0),("2022-03-28 20:00:00",5,20.33,11,0), ("2022-03-28 21:00:00",5,19.45,9,0), ("2022-03-28 22:00:00",5,20.67,8,0),("2022-03-28 23:00:00",5,21.34,6,0),
        
        ("2022-03-28 00:00:00",9,21.50,-3,0), ("2022-03-28 01:00:00",9,20.90,-1,0), ("2022-03-28 02:00:00",9,20,0,0), ("2022-03-28 03:00:00",9,20.30,1,0), ("2022-03-28 04:00:00", 9,20,1,0), ("2022-03-28 05:00:00",9,21.40,2,0), 
	("2022-03-28 06:00:00", 9,22.40,4,0), ("2022-03-28 07:00:00",9,22,5,0),  ("2022-03-28 08:00:00",9,22.50,6,0), ("2022-03-28 09:00:00", 9,21.90,9,0), ("2022-03-28 10:00:00",9,23.10,10,0), ("2022-03-28 11:00:00", 9,22.45,12,0), 
        ("2022-03-28 12:00:00", 9,23.35,18,0),("2022-03-28 13:00:00",9,25.65,19,0),("2022-03-28 14:00:00",9,23.80,18,0), ("2022-03-28 15:00:00",9,22.35,19,0),("2022-03-28 16:00:00",9,23.40,18,0), ("2022-03-28 17:00:00", 9,22.45,17,0),
        ("2022-03-28 18:00:00",9,21.45,14,0),("2022-03-28 19:00:00",9,23.50,12,0),("2022-03-28 20:00:00",9,21,11,0), ("2022-03-28 21:00:00",9,19.60,9,0), ("2022-03-28 22:00:00",9,20.25,8,0),("2022-03-28 23:00:00",9,18.90,6,0),
        
        ("2022-03-28 00:00:00",10,20.22,-3,0), ("2022-03-28 01:00:00",10,19.50,-1,0), ("2022-03-28 02:00:00",10,20.30,0,0), ("2022-03-28 03:00:00",10,20.25,1,0), ("2022-03-28 04:00:00", 10,19.40,1,0), ("2022-03-28 05:00:00",10,20.10,2,0), 
	("2022-03-28 06:00:00", 10,21.50,4,0), ("2022-03-28 07:00:00",10,22.10,5,0),  ("2022-03-28 08:00:00",10,22.45,6,0), ("2022-03-28 09:00:00", 10,23.46,9,0), ("2022-03-28 10:00:00",10,23.70,10,0),("2022-03-28 11:00:00", 10,23.80,12,0), 
        ("2022-03-28 12:00:00", 10,22.67,18,0),("2022-03-28 13:00:00",10,23.57,19,0),("2022-03-28 14:00:00",10,23.89,18,0), ("2022-03-28 15:00:00",10,21.90,19,0),("2022-03-28 16:00:00",10,22.30,18,0), ("2022-03-28 17:00:00", 10,22.70,17,0),
        ("2022-03-28 18:00:00",10,23.68,14,0),("2022-03-28 19:00:00",10,22.68,12,0),("2022-03-28 20:00:00",10,21.90,11,0), ("2022-03-28 21:00:00",10,22.10,9,0), ("2022-03-28 22:00:00",10,21.90,8,0),("2022-03-28 23:00:00",10,20.90,6,0),
        
        ("2022-03-28 00:00:00",11,19.76,-3,0), ("2022-03-28 01:00:00",11,20.78,-1,0), ("2022-03-28 02:00:00",11,20.90,0,0), ("2022-03-28 03:00:00",11,21.10,1,0), ("2022-03-28 04:00:00", 11,21.80,1,0), ("2022-03-28 05:00:00",11,22.10,2,0), 
	("2022-03-28 06:00:00", 11,22.35,4,0), ("2022-03-28 07:00:00",11,22.70,5,0),  ("2022-03-28 08:00:00",11,22.85,6,0), ("2022-03-28 09:00:00", 11,22.90,9,0), ("2022-03-28 10:00:00",11,23.10,10,0),("2022-03-28 11:00:00", 11,24.20,12,0), 
        ("2022-03-28 12:00:00", 11,21.25,18,0),("2022-03-28 13:00:00",11,21.80,19,0),("2022-03-28 14:00:00",11,22.10,18,0), ("2022-03-28 15:00:00",11,22.35,19,0),("2022-03-28 16:00:00",11,23.10,18,0), ("2022-03-28 17:00:00", 11,22.90,17,0),
        ("2022-03-28 18:00:00",11,21.75,14,0),("2022-03-28 19:00:00",11,20.10,12,0),("2022-03-28 20:00:00",11,21.35,11,0), ("2022-03-28 21:00:00",11,20.70,9,0), ("2022-03-28 22:00:00",11,19.85,8,0),("2022-03-28 23:00:00",11,20.35,6,0);

    
        
COMMIT;

 
-- Condizionatore
BEGIN;
INSERT INTO Condizionatore(Nome,IdStanza)
VALUES ('StufaPellet',4),
        ('Termosifone',8),
        ('Condizionatore',8),
        ('Termosifone',6),
        ('Termosifone',3),
        ('Condizionatore',1),
        ('Termosifone',2),
        ('Termosifone',7),
        ('StufaPellet',9),
        ('Condizionatore',5),
        ('Condizionatore',10),
        ('Termosifone',11);
COMMIT;

-- Illuminazione
BEGIN;
INSERT INTO Luce(Nome,IdStanza)
VALUES ('Plafoniera',4),
        ('Faretto',4),
        ('LampadaDaTavolo',4),
        ('LampadarioASospensione',8),
        ('Faretto',3),
        ('LampadaASoopensione',3),
        ('LampadaDaTerra',11),
        ('Faretto',11),
        ('LampadadaTavolo',1),
        ('LampadaASospensione',1),
        ('FarettiAIncasso',7),
        ('Applique',7),
        ('LampadadaTavolo',5),
        ('LampadaASospensione',5),
        ('LampadadaTavolo',10),
        ('LampadaASospensione',10),
        ('Faretto',2),
        ('Plafoniera',2),
        ('Faretto',9),
        ('FarettiAIncasso',9);
COMMIT;

-- RegolazioneClima
BEGIN;
INSERT INTO RegolazioneClima(CodClima,Temperatura,Consumo,Umidita,IdCondizionatore,Predefinita)
VALUES (50,20,30,50,3,TRUE);

INSERT INTO RegolazioneClima(Temperatura,Consumo,Umidita,IdCondizionatore,Predefinita)
VALUES (20,30,50,3,TRUE),
        (26,65,70,5,FALSE),
        (25,45,65,6,FALSE),
        (24,80,45,7,FALSE),
        (28,68,45,11,FALSE),
        (23,35,45,10,TRUE),
        (21,40,52,8,FALSE),
        (25,50,42,9,FALSE),
        (22,22,62,2,FALSE),
        (27,68,48,12,TRUE),
        (21,42,30,4,FALSE),
        (30,30,63,1,FALSE);
COMMIT;


-- RegolazioneIlluminazione
BEGIN;
INSERT INTO RegolazioneIlluminazione (CodIlluminazione,Intensita,TemperaturaColore,Consumo,Predefinita,IdLuce) VALUES (100,2,6000,20,1,1);
INSERT INTO RegolazioneIlluminazione (Intensita,TemperaturaColore,Consumo,Predefinita,IdLuce)
VALUES (2,6000,20,1,1), (1,4000,15,0,1),(1,5000,30,0,2),(1,4000,30,1,2),
        (1,4000,25,1,3),(2,5000,75,0,4),(1,4000,15,1,5),(1,5000,15,0,5),
        (1,5000,35,1,6),(2,3000,16,1,7),(1,4000,26,0,7),(2,4000,15,0,8),
        (2,6000,15,1,8),(1,4000,25,1,9),(2,5000,25,0,9),(1,5000,15,0,10),
        (1,4000,35,1,11),(2,5000,25,1,12),(1,3000,25,0,12),(1,3000,15,1,13),
        (1,5000,18,0,13),(2,6000,35,0,14),(1,4000,22,1,14),(1,5000,15,1,15),
        (2,4000,24,0,16),(1,3000,32,1,16),(2,3000,18,1,17),(1,4000,25,0,18),
        (1,3000,28,1,19),(2,4000,24,0,19),(1,5000,14,1,20);
COMMIT;

-- Schedule (periodo 29/03/22-31/03/22)
BEGIN;
INSERT INTO Schedule(Durata,CodClima,PeriodoRipetizione)
VALUES  (3,50,1),(2,50,0),(3,51,0),(4,51,0),(5,51,0),
        (3,52,2),(7,52,0) ,(8,53,0),(9,55,0),(2,56,1),
        (3,56,0),(12,55,1),(13,57,2),(14,57,0),(5,57,0),
        (3,58,0),(1,58,1),(1,59,1),(9,59,0),(2,60,0),
        (3,60,0),(2,60,1),(3,61,2),(1,61,0),(2,61,0),
        (3,61,0),(24,50,0),(2,50,0),(2,51,0),(3,52,0),
        (3,52,0),(2,53,2),(3,53,0),(4,54,2),(3,54,0),
        (3,54,0),(7,55,0),(18,55,0),(9,56,0),(4,57,0),
        (3,57,0),(2,58,0),(23,58,0), (16,59,0), (4,59,0),
        (3,60,0),(7,60,0),(4,61,0),(4,61,0),(5,51,0),
        (3,50,0),(5,50,0),(5,52,0);

COMMIT;


-- fine popolamento area comfort


SET FOREIGN_KEY_CHECKS = 1;














